project_name,url,confidence_note
Radiant Garden Tower,https://royallp.com/wp-content/uploads/2025/04/RADIANT-GARDEN-BY-RADIANT-REAL-ESTATE-REEM-ISLAND.jpg,exact match
Radiant Square,https://royallp.com/wp-content/uploads/2023/06/Radiant-Square-Reem-Island_.jpg,exact match
Ramhan Island - Phase 1,https://royallp.com/wp-content/uploads/2026/03/Infinity-Villas-ramhan-island.jpg,GENERIC - top result is a different sub-development (Infinity Island Villas) on Ramhan Island not Phase 1 specifically
Mayar,https://royallp.com/wp-content/uploads/2024/10/mayar-maysan-by-modon.jpg,exact match
Jacob & Co Beachfront Living,https://royallp.com/wp-content/uploads/2025/04/Jacob-Co.-Beachfront-Living.jpg,exact match
Private,No results,
Diva At The Bay 1,https://royallp.com/wp-content/uploads/2022/09/DIVA-AT-THE-BAY.jpg,exact match
Ramhan Island - Phase 5,https://royallp.com/wp-content/uploads/2026/03/Infinity-Villas-ramhan-island.jpg,GENERIC - same caveat as Phase 1 above
Diva At The Bay 2,https://royallp.com/wp-content/uploads/2022/09/DIVA-AT-THE-BAY.jpg,exact match (same image as Diva 1 - one shared community render)
Reportage Village,No results,only hit was an unrelated blog post
Reem Hills - Phase 1A,https://royallp.com/wp-content/uploads/2023/03/reem-hills-phase-2-.jpg,GENERIC/MISMATCH - top result is labelled Phase 2 Sunset Valley not 1A
Marina Bay By Damac,No results,
Elie Saab Waterfront,No results,best candidate "STELLAR by Elie Saab" on Yas Island was 2nd result not 1st - not confident it's the same project
Nobu Residences 1,https://royallp.com/wp-content/uploads/2025/07/nobu-residences-saadiyat-island-1.jpg,exact match
Reem Hills - Phase 2D,https://royallp.com/wp-content/uploads/2023/03/reem-hills-phase-2-.jpg,GENERIC/MISMATCH - same caveat as 1A above
Rivage,https://royallp.com/wp-content/uploads/2024/11/Rivage-by-Deyaar-.jpg,exact match
Henge Residences,https://royallp.com/wp-content/uploads/2025/04/Henge-Residences-by-Nord-Saadiyat-Island-Apartments.jpg,exact match
Vista 2,No results,
Nour Watan,No results,
Saadiyat Grove - The Source Terraces,No results,
Al Ghadeer - Phase 1,https://royallp.com/wp-content/uploads/2026/05/al-ghadeer-gardens-.jpg,GENERIC - top result is "Al Ghadeer Gardens" not phase-specific
Renad Tower,https://royallp.com/wp-content/uploads/2023/10/Renad-Tower-al-reem-island.jpg,exact match
Thoraya,https://royallp.com/wp-content/uploads/2024/10/Thoraya-_-maysan-by-modon-1.jpg,exact match (was 2nd result; 1st was an unrelated article)
The Gate And Arc Towers,No results,
Nobu Residences 2,https://royallp.com/wp-content/uploads/2025/07/nobu-residences-saadiyat-island-1.jpg,exact match (same image as Nobu Residences 1)
"Sun & Sky, Boutik Mall",No results,
Al Yaqut Tower,No results,
Al Reef 2,No results,
Noya - Phase 2 - Viva,https://royallp.com/wp-content/uploads/2022/09/NOYA.jpg,GENERIC - master-community image not phase-specific
Oasis 1,No results,
Pixel,https://royallp.com/wp-content/uploads/2022/09/Pixel-–-Reem-Island-.jpg,exact match
Al Ghadeer - Phase 2 (Tala),https://royallp.com/wp-content/uploads/2026/05/al-ghadeer-gardens-.jpg,GENERIC - same caveat as Phase 1 above
Hydra Avenue (Hydra Towers),No results,only hit was a developer profile page not a project
Reem Hills - Phase 1B,https://royallp.com/wp-content/uploads/2023/03/reem-hills-phase-2-.jpg,GENERIC/MISMATCH - same caveat as 1A above
Yas Acres - The Cedars,https://royallp.com/wp-content/uploads/2022/09/Yas-Acres-.jpg,GENERIC - master-community image not phase-specific
"The Bridges (Towers 1, 2, And 3)",No results,top result was "Radiant Bridges" - a different, separate project - excluded as a likely mismatch
"The Gate, Masdar City",https://royallp.com/wp-content/uploads/2024/12/WhatsApp-Image-2024-12-17-at-11.14.51-AM.jpeg,exact match (was 3rd result; 1st/2nd were unrelated)
Yas Acres - The Aspens,https://royallp.com/wp-content/uploads/2022/09/Yas-Acres-.jpg,GENERIC - same caveat as The Cedars above
Reem Hills - Phase 2C,https://royallp.com/wp-content/uploads/2023/03/reem-hills-phase-2-.jpg,GENERIC/MISMATCH - same caveat as 1A above
Oasis 2,No results,
Noya - Phase 3 - Luma,https://royallp.com/wp-content/uploads/2022/09/NOYA.jpg,GENERIC - same caveat as Noya Phase 2 above
Reem Hills - Phase 1C,https://royallp.com/wp-content/uploads/2023/03/reem-hills-phase-2-.jpg,GENERIC/MISMATCH - same caveat as 1A above
Reem Hills - Phase 2A,https://royallp.com/wp-content/uploads/2023/03/reem-hills-phase-2-.jpg,GENERIC/MISMATCH - same caveat as 1A above
Opula Residences,https://royallp.com/wp-content/uploads/2025/05/St.-Regis-The-Residences-Al-Maryah-Island-Abu-Dhabi-2.jpg,CAUTION - listing titled "Opula Residences Yas Bay" matches but the image filename oddly references St Regis - may be a site bug; worth a manual look
Mamsha Al Saadiyat - Turquoise,https://royallp.com/wp-content/uploads/2022/09/MAMSHA-AL-SAADIYAT.jpg,GENERIC - master-community image not phase-specific
Reflection Tower A,https://royallp.com/wp-content/uploads/2022/09/Reflection.jpg,GENERIC - covers the whole twin-tower complex not Tower A specifically
Reem Hills - Phase 2B,https://royallp.com/wp-content/uploads/2023/03/reem-hills-phase-2-.jpg,GENERIC/MISMATCH - same caveat as 1A above
Mamsha Al Saadiyat - Lilac,https://royallp.com/wp-content/uploads/2022/09/MAMSHA-AL-SAADIYAT.jpg,GENERIC - same caveat as Turquoise above
Reflection Tower B,https://royallp.com/wp-content/uploads/2022/09/Reflection.jpg,GENERIC - same caveat as Tower A above
"Marina Square, Paragon Bay Mall",No results,
Yas Acres - The Redwoods,https://royallp.com/wp-content/uploads/2022/09/Yas-Acres-.jpg,GENERIC - same caveat as The Cedars above
Al Reef Downtown,No results,
Mangrove Place,No results,closest hit "Mangrove Village" is a different name/project
"Park View Tower, Al Reem Island",No results,
Al Reef Townhouses - Arabian Village,No results,
Vista 1,No results,
Addax Tower,No results,
"Fairmont Residences, Rixos Marina",No results,
"Park View Residence, Al Saadiyat Island",No results,
Al Reef Townhouses - Contemporary Village,No results,
Al Reef Townhouses - Desert Village,No results,
Al Reef Townhouses - Mediterranean Village,No results,
Azure,No results,
Reem Nine,https://royallp.com/wp-content/uploads/2024/01/REEM-NINE-REEM-ISLAND-Thumbnail.jpg,exact match
Al Ghadeer - Phase 1 (Sabil),https://royallp.com/wp-content/uploads/2026/05/al-ghadeer-gardens-.jpg,GENERIC - same caveat as Phase 1 above
Reem Five,https://royallp.com/wp-content/uploads/2024/01/REEM-FIVE-REEM-ISLAND-Thumbnail.jpg,exact match
Marina Bay Towers (City Of Lights),No results,
Canal By M,https://royallp.com/wp-content/uploads/2020/02/Canal-by-M-on-Reem-Island-1.jpg,exact match
The Wave,No results,top result was "Radiant Wave" - a different, separate project - excluded as a likely mismatch
One Reem Island,No results,closest hit "ONE Residence" is a differently-named newer tower - not confident it's the same project
Al Ghadeer - Phase 1 (Waha),https://royallp.com/wp-content/uploads/2026/05/al-ghadeer-gardens-.jpg,GENERIC - same caveat as Phase 1 above
Shams Meera Towers,No results,
Bloom Soho Square,https://royallp.com/wp-content/uploads/2022/09/Soho-Square.jpg,exact match
Sky Gardens Tower,No results,
Sigma Towers (City Of Lights),No results,
Oceanscape,No results,
Ohana Villas,No results,closest hit "Ohana by the Sea" is in Al Jurf - different district from this project's listed Ghadeer Al Tayr location
