project_name,project_number,district,developer_name,category,latest_year,primary_fee,sc_min,sc_avg,sc_max
Al Jurf Gardens Phase 1.2,2018/343033,Ghadeer Al Tayr,Imkan Al Jurf Properties Asingle Shareholder Limited Liability Company F Imkan Properties - Sole Proprietorship L.L.C.,RESIDENTIAL,,3.25,3.25,3.25,3.25
Al Jubail Island Phase 3,2022/346011,Al Jubail Island,Jubail Island Investment - Sole Proprietorship L.L.C.,RESIDENTIAL,,3.2,1.44,3.2,5.33
Park View,2018/442116,Al Saadiyat Island,Bloom  Emirates  Properties  L L C,RESIDENTIAL,,13.69,13.69,13.69,13.69
Ansam 2 - Yas Golf Collection,2022/334087,Yas Island,Aldar Properties - P J S C,RESIDENTIAL,,4.96,4.96,4.96,4.96
Al Gurm - Phase 2,2021/323974,Al Qurm,Aldar Properties - P J S C,RESIDENTIAL,,5.82,5.82,5.82,5.82
NOYA - Phase 1,2020/540783,Yas Island,Aldar Properties - P J S C,RESIDENTIAL,,5.5,5.5,5.5,5.5
Bawabat Al Sharq Development - Phase 5,2019/329823,Bani Yas,Baniyas Investment & Development Company - L L C,RESIDENTIAL,,9.6,8.7,9.6,10.49
Al Reeman 2 - Phase 1,2019/315320,Al Shamkhah,Aldar Properties - P J S C,RESIDENTIAL,,1.72,1.72,1.72,1.72
Al Reeman - Phase 1,2018/479098,Al Shamkhah,Aldar Properties - P J S C,RESIDENTIAL,,0.85,0.77,0.85,0.92
Hydra Avenue,2020/681749,Al Reem Island,Hydra Properties -Llc Abu Dhabi Branch,RESIDENTIAL,,10.39,9.47,10.39,10.98
The Magnolias,2021/385070,Yas Island,Aldar Properties - P J S C,RESIDENTIAL,,2.93,2.93,2.93,2.93
Yas Acres - The Dahlias,2021/386378,Yas Island,Aldar Properties - P J S C,RESIDENTIAL,,1.98,1.98,1.98,1.98
Saadiyat Reserve - The Dunes,2021/296874,Al Saadiyat Island,Aldar Properties - P J S C,RESIDENTIAL,,3.24,2.86,3.24,3.62
Al Reef Villas,2018/278412,Al Reef,Manazel P.J.S.C.,RESIDENTIAL,,15.0,2.8,15.0,36.46
nurai island,2017/253374,Nourai Island,Tasameem Real Estate Tasameem Owned By United International Representation Of Companies L L C - Sole Proprietorship L.L.C.,RESIDENTIAL,,17.93,2.94,17.93,33.33
Manazel Alreef 2,2018/80565,Khalifa Industrial,Manazel P.J.S.C.,RESIDENTIAL,,3.47,3.47,3.47,3.47
Mangrove Village,20240000188002,Rabdan,Mangrove Properties  - Sole Proprietorship L.L.C.,RESIDENTIAL,,6.23,6.23,6.23,6.23
AJWAN TOWERS,2023/302023,Al Saadiyat Island,Esk Investments - Sole Proprietorship L.L.C.,RESIDENTIAL,,17.29,17.29,17.29,17.29
Hydra Village - Zone 8,2023/322566,Rawdat Al Reef,Hydra Village Properties L.L.C.,RESIDENTIAL,,2.63,2.63,2.63,2.63
ElYakoat Tower,2022/243878,Al Sa`Adah,Rasyat Real Estate - Sole Proprietorship L.L.C.,RESIDENTIAL,,10.8,10.8,10.8,10.8
Bloom Living (Cordoba),2022/122218,Zayed City,Bloom District Properties  - Sole Proprietorship L.L.C.,RESIDENTIAL,,3.27,3.27,3.27,3.27
Noya Luma,2021/245801,Yas Island,Aldar Properties - P J S C,RESIDENTIAL,,5.84,5.84,5.84,5.84
Noya Viva,2021/202994,Yas Island,Aldar Properties - P J S C,RESIDENTIAL,,5.27,5.27,5.27,5.27
The Gate,2020/33486,Khalifa City,Reportage Hospitality Real Estate Limited,RESIDENTIAL,,9.12,9.12,9.12,9.12
Residential Building for Masdar,2020/10070,Khalifa City,Reportage Prime Properties L.L.C - Branch Of Abu Dhabi 1,RESIDENTIAL,,14.24,14.24,14.24,14.24
LEA,2019/222253,Yas Island,Aldar Properties - P J S C,RESIDENTIAL,,5.13,5.12,5.13,5.14
Al Masoud Building,2019/143416,Al Reem Island,Masaood Developments  L L C,RESIDENTIAL,,12.54,12.54,12.54,12.54
Soho Square,2018/442196,Al Saadiyat Island,Bloom  Emirates  Properties  L L C,Residential,,14.79,13.83,14.79,15.75
Bawabat Al Sharq Development - Phase3,2018/441992,Bani Yas,Baniyas Investment & Development Company - L L C,RESIDENTIAL,,9.25,9.25,9.25,9.25
Bawabat Al Sharq - Phase 2,2018/441827,Bani Yas,Baniyas Investment & Development Company - L L C,RESIDENTIAL,,10.24,10.24,10.24,10.24
Bawabat Al Sharq Development - Phase 4,2018/442000,Bani Yas,Baniyas Investment & Development Company - L L C,RESIDENTIAL,,9.66,9.66,9.66,9.66
Bawabat Al Sharq Development - Phase1,2018/439964,Bani Yas,Baniyas Investment & Development Company - L L C,RESIDENTIAL,,11.33,11.33,11.33,11.33
ALRAHA LOFTS 1,2018/352050,Al Rahah,Reportage Investments L.L.C.,RESIDENTIAL,,10.81,10.81,10.81,10.81
ALRAHA LOFTS 2,2018/352497,Al Rahah,Reportage Investments L.L.C.,RESIDENTIAL,,12.94,12.94,12.94,12.94
St Regis,2018/303182,Al Saadiyat Island,Tourism Development & Investment  Company - Pjs,Residential,,13.39,6.15,13.39,20.62
HIDD AL SAADIYAT - Phase 2,2018/340444,Al Saadiyat Island,Al Sadiyaat Development And Investment Company - Sole Proprietorship L.L.C.,RESIDENTIAL,,3.49,3.49,3.49,3.49
Al Bateen Park,2018/302561,Al Bateen,Aldar Properties - P J S C,RESIDENTIAL,,5.36,5.36,5.36,5.36
"THE WAVE, NAJMAT MARINA",2018/208770,Al Reem Island,Aabar Investments - P J S,Residential,,15.68,15.68,15.68,15.68
MARINA BAY ,2018/208110,Al Reem Island,Damac Heritage Properties Co Llc,RESIDENTIAL,,10.53,10.53,10.53,10.53
Leonardo Residences,2018/190210,Khalifa City,Reportage Investments L.L.C.,RESIDENTIAL,,16.33,16.33,16.33,16.33
Jamam Building,2018/184762,Al Rahah,Aldhabi Realty L.L.C.,RESIDENTIAL,,13.98,13.98,13.98,13.98
AMAYA TOWERS,2018/175955,Al Reem Island,Dhafir Property Development L L C,RESIDENTIAL,,13.0,13.0,13.0,13.0
Oasis Residence,2018/160770,Khalifa City,Limited Liability Company,RESIDENTIAL,,10.81,10.81,10.81,10.81
ocean scape,2018/136266,Al Reem Island,Damac Luxury Real Estate Properties Co Llc,RESIDENTIAL,,14.15,14.15,14.15,14.15
Al Ghadeer Phase 2 - Neighbourhood 1 - R1,2018/123269,Al Layyan,Aldar Properties - P J S C,RESIDENTIAL,,6.61,5.83,6.61,7.39
Reflection Tower B,2018/109101,Al Reem Island,Aldar Development  - L.L.C - O.P.C,RESIDENTIAL,,13.74,13.74,13.74,13.74
Reflection Tower A,2018/109061,Al Reem Island,Aldar Development  - L.L.C - O.P.C,RESIDENTIAL,,14.09,14.09,14.09,14.09
Beach Towers,2018/100615,Al Reem Island,Albadie Group For Trading & Investments - L Lc,Residential,,11.34,11.34,11.34,11.34
Yasmina residence ,2018/23880,Al Reem Island,High Street Oriental Development  L.L.C.,RESIDENTIAL,,17.33,17.33,17.33,17.33
Saadiyat Beach Villas,2017/459471,Al Saadiyat Island,Tourism Development & Investment  Company - Pjs,RESIDENTIAL,,3.74,3.74,3.74,3.74
AlQurm Villas,2017/435157,Al Muntazah,Burooj Properties - Llc,RESIDENTIAL,,4.55,4.55,4.55,4.55
Highland Resort,2017/385368,Al Muzoun,Midmak Properties Llc,RESIDENTIAL,,3.21,3.21,3.21,3.21
Water's Edge Precinct A,2017/288702,Yas Island,Aldar Properties - P J S C,RESIDENTIAL,,10.39,3.27,10.39,17.5
City of Lights Towers,2017/23187,Al Reem Island,T S L Properties L.L.C.,RESIDENTIAL,,10.48,10.11,10.48,10.84
Saydiyat Beach apartments,2017/62427,Al Saadiyat Island,Tourism Development & Investment  Company - Pjs,RESIDENTIAL,,13.3,13.3,13.3,13.3
Marina Square,2017/196497,Al Reem Island,Al Tamouh  Investments  Company Llc,RESIDENTIAL,,10.41,4.46,10.41,13.46
Saydiyat Beach apartments,2017/62330,Al Saadiyat Island,Tourism Development & Investment  Company - Pjs,RESIDENTIAL,,13.25,13.25,13.25,13.25
Al Ghadeer 1,2017/235524,Al Layyan,Aldar Properties - P J S C,RESIDENTIAL,,11.42,5.68,11.42,17.92
BLOOM GARDENS,2017/67872,Al Muntazah,Bloom  Emirates  Properties  L L C,RESIDENTIAL,,3.08,3.08,3.08,3.08
Saydiyat Beach apartments,2017/58491,Al Saadiyat Island,Tourism Development & Investment  Company - Pjs,RESIDENTIAL,,9.65,9.65,9.65,9.65
Lamar,2017/134024,Al Rahah,I Properties Real Estate Development - Sole Proprietorship L.L.C.,RESIDENTIAL,,14.1,13.03,14.1,15.16
The Bridges,2017/119694,Al Reem Island,Aldar Development  - L.L.C - O.P.C,RESIDENTIAL,,17.39,17.2,17.39,17.72
Al Gurm Resort,2017/15762,Al Qurm,Aldar Properties - P J S C,RESIDENTIAL,,5.78,5.61,5.78,5.94
Park View,2017/27063,Al Reem Island,Mesab Limited,RESIDENTIAL,,14.16,14.16,14.16,14.16
Golf Gardens,2017/65753,Khalifa City,Aldar Properties - P J S C,RESIDENTIAL,,4.22,4.22,4.22,4.22
Al Raha Gardens,2017/87386,Khalifa City,Aldar Properties - P J S C,RESIDENTIAL,,5.23,4.69,5.23,5.77
AlMuneera Island,2017/64427,Al Rahah,Aldar Properties - P J S C,Residential,,11.68,7.11,11.68,13.03
Al Zeina,2017/51703,Al Rahah,Aldar Properties - P J S C,RESIDENTIAL,,9.22,5.02,9.22,10.35
sadiyat Beach Apartment,2017/37506,Al Saadiyat Island,Tourism Development & Investment  Company - Pjs,RESIDENTIAL,,9.8,9.8,9.8,9.8
The Gate,2017/32957,Al Reem Island,Aldar Development  - L.L.C - O.P.C,RESIDENTIAL,,12.35,11.87,12.35,13.13
Marina City,2016/402948,Al Kasir,National Investment Corporation P.J.S.C.,RESIDENTIAL,,3.75,3.71,3.75,3.79
Ansam,2017/2846,Yas Island,Aldar Properties - P J S C,RESIDENTIAL,,19.06,18.29,19.06,20.28
Sun and Sky,2016/409776,Al Reem Island,Aldar Development  - L.L.C - O.P.C,RESIDENTIAL,,10.3,9.79,10.3,10.8
Mayan,2016/377676,Yas Island,Aldar Properties - P J S C,RESIDENTIAL,,11.54,5.09,11.54,17.98
Meera,2016/377771,Al Reem Island,Aldar Development  - L.L.C - O.P.C,RESIDENTIAL,,12.68,12.68,12.68,12.68
Fairmont Hotel & Serviced Apartments,2016/364602,Al Kasir,National Investment Corporation P.J.S.C.,RESIDENTIAL,,23.97,23.97,23.97,23.97
The View,2016/276028,Al Rahah,Buttinah Real Estate Management,RESIDENTIAL,,14.9,14.9,14.9,14.9
Jawaher Saadiyat,2016/360499,Al Saadiyat Island,Aldar Properties - P J S C,RESIDENTIAL,,5.98,5.98,5.98,5.98
Al Hadeel,2016/344293,Al Rahah,Aldar Properties - P J S C,RESIDENTIAL,,10.22,7.33,10.22,13.1
Al Bandar,2016/344923,Al Rahah,Aldar Properties - P J S C,RESIDENTIAL,,16.56,16.42,16.56,16.73
Mamsh Al Saadiyat - Azur,2016/342251,Al Saadiyat Island,Aldar Properties - P J S C,RESIDENTIAL,,14.74,14.74,14.74,14.74
Mamsh Al Saadiyat,2016/342068,Al Saadiyat Island,Aldar Properties - P J S C,RESIDENTIAL,,15.66,15.66,15.66,15.66
Mamsh Al Saadiyat,2016/341968,Al Saadiyat Island,Aldar Properties - P J S C,RESIDENTIAL,,13.99,13.99,13.99,13.99
YAS ACRES-Precinct3,2016/261732,Yas Island,Aldar Properties - P J S C,RESIDENTIAL,,5.22,5.22,5.22,5.22
YAS Acres- Precinct7,2016/179574,Yas Island,Aldar Properties - P J S C,RESIDENTIAL,,5.29,5.29,5.29,5.29
YAS ACRES-Precinct 1,2016/172918,Yas Island,Aldar Properties - P J S C,RESIDENTIAL,,4.63,4.63,4.63,4.63
